[
    {
        "email": "username@mail.com",
        "password": "passwordis",
        "CustomerName": "Demo",
        "phone": "9911212222",
        "Address": "demo Address",
        "city": "new delhi",
        "state": "Delhi",
        "country": "India",
        "zipCode": "110059"
    },
    {
        "CustomerName": "Ankit Goel",
        "email": "thisisaemail@mail.com",
        "password": "sdnsbdbsnds",
        "phone": "+91986473621",
        "Address": "A-158 Arya Samaj Road",
        "city": "New Delhi",
        "state": "Delhi",
        "country": "India",
        "zipCode": "110059"
    },
    {
        "CustomerName": "testdemo",
        "email": "testdemo@mail.com",
        "password": "testdemo",
        "phone": "testdemo",
        "Address": "testdemo",
        "city": "testdemo",
        "state": "testdemo",
        "country": "Albania",
        "zipCode": "testdemo"
    },
    {
        "CustomerName": "demo",
        "email": "testdem@mail.com",
        "password": "testpassword",
        "phone": "87878787878788",
        "Address": "dsdbsndbnbn",
        "city": "bsnbdnbsn",
        "state": "bnbanabn",
        "country": "American Samoa",
        "zipCode": "bdshdbns"
    },
    {
        "CustomerName": "Ankit Goel",
        "email": "yoyo@mail.com",
        "password": "mynewpassword",
        "phone": "+91987654321",
        "Address": "A-158 Arya Samaj Road",
        "city": "New Delhi",
        "state": "Delhi",
        "country": "India",
        "zipCode": "110059"
    }
]